ZIP CODE,TOTAL_HOUSEHOLDS,MEDIAN_HOUSEHOLD_INCOME
10009,29725.0,60521.0
10002,33461.0,35449.0
10011,28753.0,123208.0
10001,12347.0,85221.0
10014,18481.0,127973.0
10010,15972.0,115084.0
10013,12207.0,106056.0
10038,10133.0,85032.0
10007,2761.0,242644.0
10036,15624.0,93707.0
10019,24512.0,99063.0
10003,26699.0,104441.0
10018,4993.0,107861.0
10004,1587.0,140450.0
10005,4239.0,154213.0
10006,1815.0,145893.0
10016,28681.0,109250.0
10012,12349.0,104561.0
10030,12258.0,36118.0
10031,22274.0,44040.0
10027,23607.0,45536.0
10037,9735.0,39979.0
10035,14172.0,27932.0
10026,15401.0,54349.0
10039,11153.0,34197.0
10032,20724.0,41890.0
10029,31496.0,34015.0
10128,31644.0,111937.0
10463,28537.0,58881.0
10034,16135.0,50909.0
10025,42546.0,82352.0
10022,17873.0,133208.0
10017,10076.0,118469.0
10023,33133.0,123951.0
10044,4820.0,92623.0
10280,4747.0,161419.0
10282,2412.0,250000.0
10065,15878.0,124322.0
10021,24912.0,123842.0
10075,11373.0,129594.0
10028,26435.0,119203.0
10024,28418.0,126107.0
10069,2574.0,137105.0
10033,19586.0,53044.0
10040,16222.0,47189.0
10457,24245.0,27036.0
10458,27228.0,32129.0
10451,18783.0,26979.0
10456,30096.0,26724.0
10469,22038.0,61090.0
10466,23312.0,49906.0
10475,18792.0,48734.0
10468,25557.0,35398.0
10467,36335.0,35381.0
10460,20359.0,25948.0
10473,20890.0,38924.0
10472,21813.0,30593.0
10464,1936.0,87853.0
10462,29679.0,49962.0
10803,4020.0,146833.0
10465,15685.0,74079.0
10471,8726.0,80932.0
10453,27338.0,24421.0
10452,25949.0,27206.0
10474,3514.0,25896.0
10455,14202.0,25489.0
10461,19013.0,55847.0
10459,16066.0,25762.0
10454,13085.0,21542.0
10470,5925.0,56658.0
11228,15033.0,63697.0
11214,31945.0,53151.0
11220,28766.0,42559.0
11209,29220.0,69578.0
11219,25240.0,37665.0
11221,29818.0,47170.0
11233,28424.0,36009.0
11213,24731.0,40604.0
11206,30516.0,34122.0
11216,23800.0,56025.0
11205,15843.0,51574.0
11238,24510.0,79013.0
11204,24243.0,47341.0
11234,31926.0,79490.0
11217,16856.0,99085.0
11201,26923.0,116446.0
11218,24967.0,64152.0
11232,8808.0,53908.0
11230,30831.0,46013.0
11235,32828.0,49653.0
11212,31484.0,25677.0
11237,16789.0,51269.0
11207,32625.0,35809.0
11236,32903.0,63700.0
11239,6569.0,26002.0
11231,15562.0,93575.0
11249,,56025.0
11224,18551.0,31630.0
11225,23462.0,51926.0
11208,31393.0,39588.0
11226,36677.0,48495.0
11210,22310.0,62202.0
11203,27464.0,48140.0
11229,31058.0,59287.0
11215,28880.0,116893.0
11223,27527.0,46310.0
11222,17508.0,78287.0
11211,38660.0,66113.0
11370,8365.0,59901.0
11691,20155.0,42434.0
11692,6417.0,45816.0
11106,17127.0,60725.0
11103,16113.0,65229.0
11377,31464.0,54989.0
11105,15227.0,68050.0
11102,13627.0,60436.0
11101,12474.0,57866.0
11361,10378.0,82020.0
11360,8382.0,84476.0
11357,14735.0,81053.0
11358,12820.0,65932.0
11364,13385.0,71030.0
11694,8319.0,77547.0
11426,6388.0,83376.0
11428,5611.0,71663.0
11004,5026.0,93315.0
11001,9109.0,104890.0
11435,18795.0,59535.0
11693,4767.0,57443.0
11411,6052.0,87231.0
11356,7541.0,59712.0
11354,20299.0,44512.0
11420,13226.0,66220.0
11368,28275.0,47862.0
11373,30216.0,49098.0
11363,2620.0,97784.0
11362,7163.0,80828.0
11369,10720.0,53426.0
11378,12623.0,68460.0
11372,24051.0,53963.0
11040,12862.0,118457.0
11375,32492.0,76467.0
11355,27523.0,38370.0
11365,15657.0,63455.0
11367,14670.0,58924.0
11366,4456.0,67115.0
11374,19276.0,56863.0
11385,34993.0,64481.0
11005,1306.0,51801.0
11421,11972.0,69053.0
11379,13528.0,79573.0
11432,18390.0,52975.0
11423,9817.0,66455.0
11412,10957.0,75307.0
11427,7487.0,72874.0
11429,7387.0,80464.0
11433,10423.0,48795.0
11414,10511.0,72632.0
11422,9686.0,86996.0
11418,10940.0,67003.0
11415,8489.0,65981.0
11413,12133.0,83459.0
11109,2891.0,137452.0
11104,11412.0,63122.0
11416,7216.0,61285.0
11417,9035.0,69989.0
11419,12724.0,65711.0
11436,5628.0,69259.0
11434,20993.0,60702.0
10312,21230.0,90797.0
10305,14694.0,76044.0
10314,31307.0,80956.0
10303,8269.0,59898.0
10310,8218.0,69838.0
10302,6266.0,60968.0
10301,14520.0,55818.0
10304,14521.0,54567.0
10306,19861.0,80025.0
10308,10653.0,91953.0
10309,11455.0,100343.0
10307,5156.0,81356.0
